[
  {
    "brand": "Sony",
    "name": "Sony A7 III",
    "description": "- Spesifikasi: Sensor Full-Frame 24.2 MP, 693 titik AF, ISO 100-51200, perekaman video 4K, LCD 3.0 inci, 10 fps continuous shooting.\n   - Deskripsi: Sony A7 III adalah kamera mirrorless yang dirancang untuk fotografer dan videografer profesional. Dengan sensor full-frame 24.2 MP, kamera ini menawarkan kualitas gambar yang luar biasa, bahkan dalam kondisi cahaya rendah. Teknologi autofokus 693 titik memastikan setiap gambar tajam dan fokus. Fitur perekaman video 4K dan stabilisasi gambar 5-axis menjadikannya pilihan ideal untuk pembuatan konten.\n   - Keunggulan: Performa autofokus yang cepat dan akurat, kualitas gambar yang luar biasa, stabilisasi gambar 5-axis, baterai tahan lama.",
    "imagePath": "/images/product sony_0.jpg",
    "price": "Rp 30.000.000"
  },
  {
    "brand": "Sony",
    "name": "Sony A7R IV",
    "description": "- Spesifikasi: Sensor Full-Frame 61.0 MP, 567 titik AF, ISO 100-32000, perekaman video 4K, LCD 3.0 inci, 10 fps continuous shooting.\n   - Deskripsi: Sony A7R IV menawarkan resolusi tertinggi dalam jajaran kamera Sony dengan sensor 61 MP, memberikan detail luar biasa dalam setiap gambar. Kamera ini dilengkapi dengan sistem autofokus canggih yang memungkinkan pelacakan subjek yang cepat dan akurat. Fitur perekaman video 4K dan desain bodi yang tahan cuaca membuatnya ideal untuk berbagai situasi pemotretan.\n   - Keunggulan: Resolusi sangat tinggi untuk detail gambar yang tajam, performa autofokus yang handal, desain tahan cuaca.",
    "imagePath": "/images/product sony_1.jpg",
    "price": "Rp 52.500.000"
  },
  {
    "brand": "Sony",
    "name": "Sony A6400",
    "description": "- Spesifikasi: Sensor APS-C 24.2 MP, 425 titik AF, ISO 100-32000, perekaman video 4K, LCD 3.0 inci tiltable, 11 fps continuous shooting.\n   - Deskripsi: Sony A6400 adalah kamera mirrorless dengan sensor APS-C yang menawarkan kualitas gambar tinggi dan performa cepat. Dengan sistem autofokus 425 titik dan kemampuan perekaman video 4K, kamera ini cocok untuk fotografer dan videografer yang menginginkan kamera kompak namun powerful.\n   - Keunggulan: Autofokus cepat dan andal, kualitas video 4K yang baik, bodi yang ringan dan kompak.",
    "imagePath": "/images/product sony_2.jpg",
    "price": "Rp 13.500.000"
  },
  {
    "brand": "Sony",
    "name": "Sony RX100 VII",
    "description": "- Spesifikasi: Sensor 1.0-type 20.1 MP, 357 titik AF, ISO 100-12800, perekaman video 4K, LCD 3.0 inci tiltable, 20 fps continuous shooting.\n   - Deskripsi: Sony RX100 VII adalah kamera saku yang menawarkan fitur-fitur profesional dalam bodi kecil. Dengan sensor 1.0-type dan sistem autofokus 357 titik, kamera ini mampu menghasilkan gambar berkualitas tinggi dan video 4K. Fitur continuous shooting 20 fps membuatnya ideal untuk menangkap momen cepat.\n   - Keunggulan: Kamera saku dengan fitur lengkap, performa autofokus yang sangat cepat, kualitas video 4K yang luar biasa.",
    "imagePath": "/images/product sony_3.jpg",
    "price": "Rp 18.000.000"
  },
  {
    "brand": "Canon",
    "name": "Canon EOS R5",
    "description": "- Spesifikasi: Sensor Full-Frame 45 MP, 1053 titik AF, ISO 100-51200, perekaman video 8K, LCD 3.2 inci vari-angle, 20 fps continuous shooting.\n   - Deskripsi: Canon EOS R5 adalah kamera mirrorless full-frame yang menawarkan performa tinggi dengan sensor 45 MP dan kemampuan perekaman video 8K. Kamera ini dirancang untuk profesional yang membutuhkan kualitas gambar dan video terbaik, dengan sistem autofokus canggih dan stabilisasi gambar dalam bodi.\n   - Keunggulan: Resolusi tinggi, perekaman video 8K, performa autofokus canggih, stabilisasi gambar dalam bodi.",
    "imagePath": "/images/product canon_0.jpg",
    "price": "Rp 58.500.000"
  },
  {
    "brand": "Canon",
    "name": "Canon EOS R6",
    "description": "- Spesifikasi: Sensor Full-Frame 20 MP, 1053 titik AF, ISO 100-102400, perekaman video 4K, LCD 3.0 inci vari-angle, 20 fps continuous shooting.\n   - Deskripsi: Canon EOS R6 adalah pilihan ideal untuk fotografer dan videografer yang menginginkan performa tinggi dalam berbagai kondisi cahaya. Dengan sensor 20 MP dan sistem autofokus 1053 titik, kamera ini menawarkan kualitas gambar yang menakjubkan dan kemampuan video 4K.\n   - Keunggulan: Performa rendah cahaya yang baik, stabilisasi gambar dalam bodi, kecepatan pemotretan beruntun yang tinggi.",
    "imagePath": "/images/product canon_1.jpg",
    "price": "Rp 37.500.000"
  },
  {
    "brand": "Canon",
    "name": "Canon EOS M50 Mark II",
    "description": "- Spesifikasi: Sensor APS-C 24.1 MP, Dual Pixel AF, ISO 100-25600, perekaman video 4K, LCD 3.0 inci vari-angle, 10 fps continuous shooting.\n   - Deskripsi: Canon EOS M50 Mark II adalah kamera mirrorless yang kompak dan serbaguna, cocok untuk vlogger dan content creator. Dengan sensor APS-C 24.1 MP dan kemampuan perekaman video 4K, kamera ini menawarkan kualitas gambar yang tinggi dan berbagai fitur kreatif.\n   - Keunggulan: Ringan dan mudah dibawa, kualitas video 4K, fitur streaming langsung ke YouTube.",
    "imagePath": "/images/product canon_2.jpg",
    "price": "Rp 10.500.000"
  },
  {
    "brand": "Canon",
    "name": "Canon PowerShot G7 X Mark III",
    "description": "- Spesifikasi: Sensor 1.0-type 20.1 MP, Dual Pixel AF, ISO 125-12800, perekaman video 4K, LCD 3.0 inci tiltable, 20 fps continuous shooting.\n   - Deskripsi: Canon PowerShot G7 X Mark III adalah kamera saku yang cocok untuk vlogger dan pembuat konten. Dengan sensor 1.0-type dan sistem autofokus Dual Pixel, kamera ini menawarkan kualitas gambar dan video yang tinggi, serta fitur live streaming.\n   - Keunggulan: Kamera saku dengan kualitas video 4K, fitur live streaming, autofokus cepat.",
    "imagePath": "/images/product canon_3.jpg",
    "price": "Rp 11.250.000"
  },
  {
    "brand": "Nikon",
    "name": "Nikon Z7 II",
    "description": "- Spesifikasi: Sensor Full-Frame 45.7 MP, 493 titik AF, ISO 64-25600, perekaman video 4K, LCD 3.2 inci tiltable, 10 fps continuous shooting.\n   - Deskripsi: Nikon Z7 II adalah kamera mirrorless dengan sensor full-frame 45.7 MP yang menawarkan kualitas gambar yang luar biasa dan performa cepat. Dengan sistem autofokus 493 titik dan kemampuan perekaman video 4K, kamera ini ideal untuk fotografer profesional.\n   - Keunggulan: Resolusi tinggi, performa autofokus yang handal, desain tahan cuaca.",
    "imagePath": "/images/product nikon_0.jpg",
    "price": "Rp 45.000.000"
  },
  {
    "brand": "Nikon",
    "name": "Nikon Z6 II",
    "description": "- Spesifikasi: Sensor Full-Frame 24.5 MP, 273 titik AF, ISO 100-51200, perekaman video 4K, LCD 3.2 inci tiltable, 14 fps continuous shooting.\n   - Deskripsi: Nikon Z6 II adalah kamera mirrorless yang menawarkan keseimbangan antara resolusi dan kecepatan. Dengan sensor 24.5 MP dan sistem autofokus 273 titik, kamera ini cocok untuk berbagai jenis fotografi dan videografi.\n   - Keunggulan: Kinerja cepat, kualitas video 4K, stabilisasi gambar dalam bodi.",
    "imagePath": "/images/product nikon_1.jpg",
    "price": "Rp 30.000.000"
  },
  {
    "brand": "Nikon",
    "name": "Nikon D850",
    "description": "- Spesifikasi: Sensor Full-Frame 45.7 MP, 153 titik AF, ISO 64-25600, perekaman video 4K, LCD 3.2 inci tiltable, 7 fps continuous shooting.\n   - Deskripsi: Nikon D850 adalah DSLR dengan sensor full-frame 45.7 MP yang menawarkan kualitas gambar yang luar biasa dan performa autofokus yang cepat. Kamera ini dirancang untuk profesional yang membutuhkan kualitas terbaik dalam berbagai kondisi pemotretan.\n   - Keunggulan: Kualitas gambar yang luar biasa, performa autofokus yang cepat dan akurat, bodi yang kokoh.",
    "imagePath": "/images/product nikon_2.jpg",
    "price": "Rp 45.000.000"
  },
  {
    "brand": "Nikon",
    "name": "Nikon Z50",
    "description": "- Spesifikasi: Sensor APS-C 20.9 MP, 209 titik AF, ISO 100-51200, perekaman video 4K, LCD 3.2 inci tiltable, 11 fps continuous shooting.\n   - Deskripsi: Nikon Z50 adalah kamera mirrorless dengan sensor APS-C yang ringan dan mudah digunakan. Dengan sistem autofokus 209 titik dan kemampuan perekaman video 4K, kamera ini cocok untuk pemula hingga fotografer yang lebih berpengalaman.\n   - Keunggulan: Kamera mirrorless yang ringan, kualitas video 4K, autofokus yang cepat.",
    "imagePath": "/images/product nikon_3.jpg",
    "price": "Rp 12.750.000"
  },
  {
    "brand": "Sold Out",
    "name": "Nikon Z50",
    "description": "- Spesifikasi: Sensor APS-C 20.9 MP, 209 titik AF, ISO 100-51200, perekaman video 4K, LCD 3.2 inci tiltable, 11 fps continuous shooting.\n   - Deskripsi: Nikon Z50 adalah kamera mirrorless dengan sensor APS-C yang ringan dan mudah digunakan. Dengan sistem autofokus 209 titik dan kemampuan perekaman video 4K, kamera ini cocok untuk pemula hingga fotografer yang lebih berpengalaman.\n   - Keunggulan: Kamera mirrorless yang ringan, kualitas video 4K, autofokus yang cepat.",
    "imagePath": "/images/product nikon_3.jpg",
    "price": "SOLD OUT"
  },
  {
    "brand": "Sold Out",
    "name": "Sony A7 III",
    "description": "- Spesifikasi: Sensor Full-Frame 24.2 MP, 693 titik AF, ISO 100-51200, perekaman video 4K, LCD 3.0 inci, 10 fps continuous shooting.\n   - Deskripsi: Sony A7 III adalah kamera mirrorless yang dirancang untuk fotografer dan videografer profesional. Dengan sensor full-frame 24.2 MP, kamera ini menawarkan kualitas gambar yang luar biasa, bahkan dalam kondisi cahaya rendah. Teknologi autofokus 693 titik memastikan setiap gambar tajam dan fokus. Fitur perekaman video 4K dan stabilisasi gambar 5-axis menjadikannya pilihan ideal untuk pembuatan konten.\n   - Keunggulan: Performa autofokus yang cepat dan akurat, kualitas gambar yang luar biasa, stabilisasi gambar 5-axis, baterai tahan lama.",
    "imagePath": "/images/product sony_0.jpg",
    "price": "SOLD OUT"
  }

]
